unit,direct,na_item,geo\time	2006 	2007 	2008 	2009 	2010 	2011 	2012 	2013 	2014 	2015 	2016 	2017 
PPS_HAB,BAL,B5N,AT11	20600 	21600 	21600 	20600 	20900 	21300 	22600 	22200 	22900 	24100 	23200 	: 
PPS_HAB,BAL,B5N,AT12	22200 	23400 	23500 	22300 	22700 	23300 	24400 	24300 	24800 	25700 	25100 	: 
PPS_HAB,BAL,B5N,AT13	22400 	23400 	23400 	22300 	22200 	22500 	23200 	22800 	23100 	23700 	22900 	: 
PPS_HAB,BAL,B5N,AT21	19900 	20900 	20900 	19800 	20100 	20500 	21600 	21400 	22000 	22900 	22200 	: 
PPS_HAB,BAL,B5N,AT22	20300 	21400 	21500 	20300 	20600 	21300 	22300 	22200 	22700 	23600 	22900 	: 
PPS_HAB,BAL,B5N,AT31	21800 	22800 	22900 	21800 	22000 	22700 	23800 	23700 	24400 	25200 	24600 	: 
PPS_HAB,BAL,B5N,AT32	22200 	23300 	23300 	22300 	22400 	23000 	24200 	24200 	24800 	25900 	25300 	: 
PPS_HAB,BAL,B5N,AT33	21400 	22300 	22300 	21200 	21400 	22100 	23400 	23400 	24100 	25100 	24600 	: 
PPS_HAB,BAL,B5N,AT34	23500 	24400 	24300 	23200 	23500 	24500 	25900 	26100 	26900 	28300 	27500 	: 
PPS_HAB,BAL,B5N,BE10	18900 	19800 	20000 	19300 	19400 	19400 	19600 	19600 	19900 	20400 	20000 	: 
PPS_HAB,BAL,B5N,BE21	21600 	22400 	22800 	22000 	22500 	22700 	23200 	23200 	23700 	24300 	23600 	: 
PPS_HAB,BAL,B5N,BE22	19500 	20200 	20600 	19800 	20200 	20700 	21200 	21200 	21700 	22200 	21500 	: 
PPS_HAB,BAL,B5N,BE23	22100 	23100 	23500 	22800 	23200 	23800 	24400 	24500 	25100 	25800 	24900 	: 
PPS_HAB,BAL,B5N,BE24	25700 	26800 	27200 	26300 	26700 	27100 	27900 	27800 	28500 	29200 	28200 	: 
PPS_HAB,BAL,B5N,BE25	20400 	21200 	21600 	20900 	21400 	22000 	22600 	22700 	23300 	24000 	23000 	: 
PPS_HAB,BAL,B5N,BE31	24000 	24900 	25200 	24400 	24800 	25200 	25900 	25800 	26600 	26900 	25900 	: 
PPS_HAB,BAL,B5N,BE32	15800 	16400 	16800 	16200 	16500 	16900 	17200 	17300 	17600 	17800 	17300 	: 
PPS_HAB,BAL,B5N,BE33	17000 	17700 	18100 	17500 	17700 	18200 	18600 	18700 	19100 	19500 	18900 	: 
PPS_HAB,BAL,B5N,BE34	18700 	19300 	19600 	18800 	19200 	19600 	20100 	20300 	20800 	21400 	20800 	: 
PPS_HAB,BAL,B5N,BE35	18300 	19100 	19400 	18900 	19300 	19800 	20400 	20400 	20900 	21300 	20700 	: 
PPS_HAB,BAL,B5N,BG31	3300 	4200 	4100 	3700 	3600 	3800 	3700 	4400 	4800 	4900 	5000 	5000 
PPS_HAB,BAL,B5N,BG32	4300 	4500 	4800 	4000 	4000 	4800 	4600 	5000 	5300 	5900 	6400 	6700 
PPS_HAB,BAL,B5N,BG33	4500 	4600 	4800 	4400 	4400 	5000 	5400 	5900 	6500 	6800 	6400 	6300 
PPS_HAB,BAL,B5N,BG34	4500 	4700 	5300 	4600 	4600 	5700 	5100 	5500 	5500 	6000 	6300 	6900 
PPS_HAB,BAL,B5N,BG41	6000 	7100 	8100 	7700 	8300 	8800 	9600 	10500 	11600 	12100 	13100 	14000 
PPS_HAB,BAL,B5N,BG42	4000 	4400 	5000 	4500 	4400 	5100 	4900 	5300 	5900 	6000 	6500 	6600 
PPS_HAB,BAL,B5N,CY00	14900 	16300 	17100 	15900 	15300 	15100 	14700 	13200 	13100 	14100 	14500 	14900 p
PPS_HAB,BAL,B5N,CZ01	16300 	17200 	17000 	16400 	17200 	17100 	17000 	17500 	18400 	19200 	19400 	: 
PPS_HAB,BAL,B5N,CZ02	12200 	13100 	13100 	13100 	13500 	13600 	14000 	13900 	14700 	15200 	16200 	: 
PPS_HAB,BAL,B5N,CZ03	11100 	11900 	12100 	11700 	11600 	11800 	12100 	12300 	13100 	13900 	13900 	: 
PPS_HAB,BAL,B5N,CZ04	9900 	10300 	10500 	10500 	10500 	10700 	10500 	10800 	11300 	12000 	12500 	: 
PPS_HAB,BAL,B5N,CZ05	10500 	11100 	11200 	11000 	11000 	11100 	11500 	11800 	12600 	13300 	13600 	: 
PPS_HAB,BAL,B5N,CZ06	10300 	11400 	11500 	11200 	11500 	11600 	12000 	12500 	13300 	14100 	14200 	: 
PPS_HAB,BAL,B5N,CZ07	10200 	11000 	11100 	10600 	10400 	10800 	11200 	11200 	12000 	12900 	12800 	: 
PPS_HAB,BAL,B5N,CZ08	9600 	10400 	11000 	10600 	10600 	10900 	11000 	11000 	11900 	12500 	12700 	: 
PPS_HAB,BAL,B5N,DE11	25400 	26400 	26700 	25000 	26200 	27600 	28900 	28800 	29800 e	30800 e	30800 e	: 
PPS_HAB,BAL,B5N,DE12	23700 	24600 	24900 	23300 	24300 	25600 	26800 	26700 	27500 e	28400 e	28500 e	: 
PPS_HAB,BAL,B5N,DE13	22400 	23200 	23600 	22400 	23600 	25000 	26200 	26200 	27200 e	28100 e	28100 e	: 
PPS_HAB,BAL,B5N,DE14	23500 	24500 	24800 	23300 	24500 	25900 	27200 	27200 	28400 e	29300 e	29300 e	: 
PPS_HAB,BAL,B5N,DE21	28500 	30000 	30200 	28500 	29500 	30900 	32600 	32500 	34200 e	35100 e	35000 e	: 
PPS_HAB,BAL,B5N,DE22	20700 	21900 	22200 	21200 	22100 	23400 	24900 	25100 	25600 e	26200 e	26200 e	: 
PPS_HAB,BAL,B5N,DE23	20500 	21500 	22000 	21100 	22000 	23400 	24600 	24700 	25500 e	26300 e	26300 e	: 
PPS_HAB,BAL,B5N,DE24	20300 	21400 	21900 	21000 	21900 	23300 	24000 	24100 	24500 e	25400 e	25500 e	: 
PPS_HAB,BAL,B5N,DE25	23200 	24400 	24700 	23600 	24600 	26000 	26900 	26700 	27400 e	28200 e	28200 e	: 
PPS_HAB,BAL,B5N,DE26	21300 	22400 	22900 	21900 	22900 	24300 	25100 	25100 	26000 e	26900 e	27000 e	: 
PPS_HAB,BAL,B5N,DE27	22300 	23400 	23900 	22800 	23800 	25200 	26400 	26400 	27100 e	27800 e	27700 e	: 
PPS_HAB,BAL,B5N,DE30	17700 	18300 	18600 	18200 	19000 	19900 	20600 	20700 	21500 e	22500 e	22500 e	: 
PPS_HAB,BAL,B5N,DE40	15700 	16600 	17100 	17000 	17400 	18500 	19000 	19100 	19800 e	20500 e	20500 e	: 
PPS_HAB,BAL,B5N,DE50	19500 	20200 	21800 	20100 	20300 	21000 	22200 	22000 	22700 e	23400 e	23300 e	: 
PPS_HAB,BAL,B5N,DE60	26200 	26600 	26500 	25800 	26000 	27300 	28500 	28800 	29700 e	30600 e	30600 e	: 
PPS_HAB,BAL,B5N,DE71	25000 	26100 	26300 	24900 	25700 	26800 	27900 	27800 	28800 e	29700 e	29600 e	: 
PPS_HAB,BAL,B5N,DE72	19800 	20500 	21000 	20100 	21000 	22000 	22900 	22900 	23700 e	24600 e	24500 e	: 
PPS_HAB,BAL,B5N,DE73	18400 	19100 	19600 	18900 	20000 	20900 	21800 	21700 	22500 e	23300 e	23300 e	: 
PPS_HAB,BAL,B5N,DE80	14100 	14800 	15300 	15200 	15600 	16400 	17100 	17200 	17700 e	18200 e	18200 e	: 
PPS_HAB,BAL,B5N,DE91	19100 	19600 	19900 	19400 	20100 	21500 	22900 	23100 	24100 e	24900 e	24900 e	: 
PPS_HAB,BAL,B5N,DE92	19700 	20300 	20600 	20100 	20700 	21800 	22900 	22800 	23700 e	24500 e	24300 e	: 
PPS_HAB,BAL,B5N,DE93	20200 	20900 	21200 	20800 	21400 	22600 	23500 	23600 	24400 e	25100 e	25000 e	: 
PPS_HAB,BAL,B5N,DE94	18500 	19200 	19500 	19100 	19700 	20900 	21900 	22000 	22700 e	23300 e	23200 e	: 
PPS_HAB,BAL,B5N,DEA1	21500 	22200 	22600 	21500 	22300 	23500 	24500 	24300 	25300 e	25800 e	25800 e	: 
PPS_HAB,BAL,B5N,DEA2	21900 	22500 	23000 	22000 	22900 	24100 	25000 	25000 	26000 e	26500 e	26400 e	: 
PPS_HAB,BAL,B5N,DEA3	19300 	20000 	20500 	19700 	20500 	21700 	22500 	22600 	23600 e	24100 e	24000 e	: 
PPS_HAB,BAL,B5N,DEA4	20700 	21400 	21900 	21000 	21800 	23100 	23900 	24000 	25200 e	25600 e	25600 e	: 
PPS_HAB,BAL,B5N,DEA5	20100 	20800 	21300 	20300 	21000 	22300 	23200 	22700 	23800 e	24300 e	24400 e	: 
PPS_HAB,BAL,B5N,DEB1	20900 	21800 	21900 	21700 	21900 	23100 	23900 	24000 	24700 e	25600 e	25400 e	: 
PPS_HAB,BAL,B5N,DEB2	20500 	21400 	21800 	21700 	22100 	23300 	23900 	23900 	24700 e	25500 e	25500 e	: 
PPS_HAB,BAL,B5N,DEB3	22200 	23100 	23200 	22900 	23300 	24500 	25400 	25300 	26300 e	27200 e	26900 e	: 
PPS_HAB,BAL,B5N,DEC0	18700 	19400 	19400 	18900 	19800 	20900 	21600 	21500 	22300 e	22800 e	22700 e	: 
PPS_HAB,BAL,B5N,DED2	14700 	15500 	15900 	15500 	16200 	17000 	17700 	17700 	18400 e	19000 e	19200 e	: 
PPS_HAB,BAL,B5N,DED4	13800 	14600 	15000 	14700 	15200 	16100 	16800 	16800 	17500 e	18200 e	18400 e	: 
PPS_HAB,BAL,B5N,DED5	14800 	15700 	16100 	15800 	16500 	17500 	18300 	18400 	19000 e	19500 e	19400 e	: 
PPS_HAB,BAL,B5N,DEE0	13500 	14200 	14700 	14600 	15200 	16100 	16800 	16800 	17500 e	18100 e	18100 e	: 
PPS_HAB,BAL,B5N,DEF0	20400 	21300 	21500 	21000 	21600 	22800 	23800 	23800 	24600 e	25300 e	25200 e	: 
PPS_HAB,BAL,B5N,DEG0	14600 	15400 	15800 	15500 	16000 	17000 	17700 	17800 	18500 e	19100 e	19200 e	: 
PPS_HAB,BAL,B5N,DK01	19700 	20600 	20700 	20200 	21000 	21000 	21700 	22100 	22900 	24300 	23700 	24900 
PPS_HAB,BAL,B5N,DK02	17100 	17800 	17600 	17000 	17700 	17600 	18100 	18600 	19000 	20100 	19500 	20500 
PPS_HAB,BAL,B5N,DK03	16300 	17100 	17100 	16300 	16900 	16900 	17300 	17700 	18100 	19100 	18600 	19700 
PPS_HAB,BAL,B5N,DK04	17300 	18100 	18000 	17200 	17800 	17800 	18300 	18700 	19000 	20200 	19700 	20900 
PPS_HAB,BAL,B5N,DK05	15900 	16800 	16600 	15900 	16500 	16700 	17300 	17700 	17900 	18900 	18400 	19500 
PPS_HAB,BAL,B5N,EL30	18800 	19500 	19400 	18600 	16800 	15200 	14500 	14000 	14300 	14300 p	14000 p	: 
PPS_HAB,BAL,B5N,EL41	13100 	13800 	14000 	13700 	13300 	11800 	11200 	10800 	10800 	11000 p	10800 p	: 
PPS_HAB,BAL,B5N,EL42	14300 	14900 	15000 	14500 	15300 	14300 	12900 	12200 	15500 	16100 p	15900 p	: 
PPS_HAB,BAL,B5N,EL43	14200 	14700 	14200 	13400 	11500 	10300 	9900 	9500 	10800 	10800 p	10800 p	: 
PPS_HAB,BAL,B5N,EL51	13000 	12600 	12400 	12000 	10700 	9600 	9300 	8800 	9300 	9400 p	9200 p	: 
PPS_HAB,BAL,B5N,EL52	13300 	14000 	14100 	13400 	12200 	11100 	10600 	10200 	10500 	10700 p	10700 p	: 
PPS_HAB,BAL,B5N,EL53	12900 	13600 	13900 	13500 	12400 	11500 	11500 	11100 	11500 	11600 p	10900 p	: 
PPS_HAB,BAL,B5N,EL54	12300 	13000 	13200 	13200 	12400 	11000 	10500 	10100 	10100 	10100 p	9800 p	: 
PPS_HAB,BAL,B5N,EL61	13200 	13600 	14700 	13500 	11800 	10600 	10100 	9700 	9900 	9900 p	9700 p	: 
PPS_HAB,BAL,B5N,EL62	13800 	14400 	14000 	13600 	13400 	12100 	11700 	11300 	13100 	13100 p	12800 p	: 
PPS_HAB,BAL,B5N,EL63	12600 	12900 	13500 	12800 	11400 	10000 	9300 	8900 	9100 	9200 p	9000 p	: 
PPS_HAB,BAL,B5N,EL64	13300 	13900 	13800 	13400 	12400 	10900 	9200 	8700 	10100 	9900 p	8400 p	: 
PPS_HAB,BAL,B5N,EL65	13300 	13800 	13700 	13600 	12500 	11000 	10300 	9900 	10200 	10200 p	10100 p	: 
PPS_HAB,BAL,B5N,ES11	13900 	14400 	14300 	13300 	13200 	13200 	12800 	12800 	13500 	14200 	14200 p	: 
PPS_HAB,BAL,B5N,ES12	15100 	15600 	15600 	14200 	14000 	14200 	13700 	13600 	14100 	14800 	14400 p	: 
PPS_HAB,BAL,B5N,ES13	16300 	16500 	16400 	14900 	14300 	14400 	13800 	13800 	14500 	15300 	15300 p	: 
PPS_HAB,BAL,B5N,ES21	21000 	21500 	21700 	19800 	19600 	19700 	19500 	19500 	20200 	21200 	21100 p	: 
PPS_HAB,BAL,B5N,ES22	21200 	21400 	21100 	19600 	19400 	19600 	19000 	18900 	19700 	20700 	20300 p	: 
PPS_HAB,BAL,B5N,ES23	17900 	17800 	17500 	16000 	15800 	16000 	15500 	15700 	16500 	17400 	17200 p	: 
PPS_HAB,BAL,B5N,ES24	18300 	18500 	18200 	16800 	16500 	16600 	16300 	16200 	16800 	17600 	17600 p	: 
PPS_HAB,BAL,B5N,ES30	22500 	22500 	22200 	21100 	20800 	21100 	20700 	20800 	21900 	23300 	23100 p	: 
PPS_HAB,BAL,B5N,ES41	15500 	15900 	15600 	14500 	14400 	14500 	14200 	14100 	14700 	15400 	15300 p	: 
PPS_HAB,BAL,B5N,ES42	13600 	13900 	13700 	12700 	12600 	12400 	11900 	12000 	12400 	13300 	13400 p	: 
PPS_HAB,BAL,B5N,ES43	11400 	11700 	11600 	10800 	10700 	10600 	10200 	10400 	10700 	11400 	11400 p	: 
PPS_HAB,BAL,B5N,ES51	19800 	20000 	19600 	18300 	17900 	17900 	17600 	17700 	18600 	19800 	19700 p	: 
PPS_HAB,BAL,B5N,ES52	15200 	15200 	14800 	13500 	13100 	13100 	12600 	12700 	13300 	14200 	14100 p	: 
PPS_HAB,BAL,B5N,ES53	18700 	18500 	17800 	16300 	15700 	15800 	15400 	15500 	16300 	17500 	17800 p	: 
PPS_HAB,BAL,B5N,ES61	12800 	13000 	12600 	11700 	11400 	11300 	10900 	10900 	11300 	12100 	12000 p	: 
PPS_HAB,BAL,B5N,ES62	13600 	13900 	13700 	12500 	12300 	12100 	11700 	11900 	12200 	13100 	13000 p	: 
PPS_HAB,BAL,B5N,ES63	15400 	15200 	15000 	14100 	13600 	13400 	12700 	13200 	13500 	14200 	13900 p	: 
PPS_HAB,BAL,B5N,ES64	15000 	14600 	14000 	13100 	12500 	12300 	11600 	11800 	12200 	12900 	12700 p	: 
PPS_HAB,BAL,B5N,ES70	14900 	14900 	14300 	13100 	12900 	12900 	12400 	12500 	12900 	13700 	13800 p	: 
PPS_HAB,BAL,B5N,FI19	14800 	16400 	16900 	15900 	16300 	17000 	17300 	17400 	17400 	18000 	17900 	: 
PPS_HAB,BAL,B5N,FI1B	20300 	22000 	22700 	22000 	22400 	23100 	23400 	23000 	23300 	24300 	24100 	: 
PPS_HAB,BAL,B5N,FI1C	15200 	16600 	17000 	16100 	16500 	17000 	17400 	17400 	17500 	18100 	18000 	: 
PPS_HAB,BAL,B5N,FI1D	13500 	14900 	15200 	14300 	14900 	15600 	15800 	16000 	16200 	16700 	16600 	: 
PPS_HAB,BAL,B5N,FI20	18200 	20000 	22000 	21500 	21800 	22600 	22500 	22700 	22700 	24100 	23500 	: 
PPS_HAB,BAL,B5N,FR10	: 	: 	: 	: 	: 	: 	: 	: 	: 	28900 	28400 p	: 
PPS_HAB,BAL,B5N,FRB0	: 	: 	: 	: 	: 	: 	: 	: 	: 	19500 	19300 p	: 
PPS_HAB,BAL,B5N,FRC1	: 	: 	: 	: 	: 	: 	: 	: 	: 	18700 	18600 p	: 
PPS_HAB,BAL,B5N,FRC2	: 	: 	: 	: 	: 	: 	: 	: 	: 	19100 	18900 p	: 
PPS_HAB,BAL,B5N,FRD1	: 	: 	: 	: 	: 	: 	: 	: 	: 	18000 	17900 p	: 
PPS_HAB,BAL,B5N,FRD2	: 	: 	: 	: 	: 	: 	: 	: 	: 	19300 	19100 p	: 
PPS_HAB,BAL,B5N,FRE1	: 	: 	: 	: 	: 	: 	: 	: 	: 	17400 	17200 p	: 
PPS_HAB,BAL,B5N,FRE2	: 	: 	: 	: 	: 	: 	: 	: 	: 	18800 	18600 p	: 
PPS_HAB,BAL,B5N,FRF1	: 	: 	: 	: 	: 	: 	: 	: 	: 	21400 	20900 p	: 
PPS_HAB,BAL,B5N,FRF2	: 	: 	: 	: 	: 	: 	: 	: 	: 	18300 	18100 p	: 
PPS_HAB,BAL,B5N,FRF3	: 	: 	: 	: 	: 	: 	: 	: 	: 	19000 	18900 p	: 
PPS_HAB,BAL,B5N,FRG0	: 	: 	: 	: 	: 	: 	: 	: 	: 	19100 	18800 p	: 
PPS_HAB,BAL,B5N,FRH0	: 	: 	: 	: 	: 	: 	: 	: 	: 	18600 	18500 p	: 
PPS_HAB,BAL,B5N,FRI1	: 	: 	: 	: 	: 	: 	: 	: 	: 	19300 	18900 p	: 
PPS_HAB,BAL,B5N,FRI2	: 	: 	: 	: 	: 	: 	: 	: 	: 	17500 	17400 p	: 
PPS_HAB,BAL,B5N,FRI3	: 	: 	: 	: 	: 	: 	: 	: 	: 	18000 	17900 p	: 
PPS_HAB,BAL,B5N,FRJ1	: 	: 	: 	: 	: 	: 	: 	: 	: 	17000 	16600 p	: 
PPS_HAB,BAL,B5N,FRJ2	: 	: 	: 	: 	: 	: 	: 	: 	: 	19700 	19300 p	: 
PPS_HAB,BAL,B5N,FRK1	: 	: 	: 	: 	: 	: 	: 	: 	: 	18600 	18500 p	: 
PPS_HAB,BAL,B5N,FRK2	: 	: 	: 	: 	: 	: 	: 	: 	: 	21600 	21100 p	: 
PPS_HAB,BAL,B5N,FRL0	: 	: 	: 	: 	: 	: 	: 	: 	: 	20100 	19800 p	: 
PPS_HAB,BAL,B5N,FRM0	: 	: 	: 	: 	: 	: 	: 	: 	: 	18100 	17800 p	: 
PPS_HAB,BAL,B5N,FRY1	: 	: 	: 	: 	: 	: 	: 	: 	: 	15900 	15900 p	: 
PPS_HAB,BAL,B5N,FRY2	: 	: 	: 	: 	: 	: 	: 	: 	: 	17300 	17100 p	: 
PPS_HAB,BAL,B5N,FRY3	: 	: 	: 	: 	: 	: 	: 	: 	: 	11200 	11100 p	: 
PPS_HAB,BAL,B5N,FRY4	: 	: 	: 	: 	: 	: 	: 	: 	: 	15600 	15600 p	: 
PPS_HAB,BAL,B5N,FRY5	: 	: 	: 	: 	: 	: 	: 	: 	: 	6600 	6700 p	: 
PPS_HAB,BAL,B5N,HR03	7400 	8100 	8600 	8700 	8300 	8100 	8300 	8400 	8800 	9400 	10000 	: 
PPS_HAB,BAL,B5N,HR04	7700 	8600 	9200 	9100 	8700 	8900 	9100 	9000 	9200 	9800 	10400 	: 
PPS_HAB,BAL,B5N,HU11	14700 	14600 	13100 	12800 	12200 	15400 	13800 	14800 	15100 	16300 	16300 	: 
PPS_HAB,BAL,B5N,HU12	13500 	12700 	10700 	9300 	9500 	10300 	10600 	10700 	11100 	12000 	11700 	: 
PPS_HAB,BAL,B5N,HU21	9300 	9400 	9900 	9200 	9400 	9600 	10300 	10700 	11200 	11300 	11700 	: 
PPS_HAB,BAL,B5N,HU22	8900 	9000 	9800 	9100 	9400 	9500 	10200 	10600 	11400 	11300 	11500 	: 
PPS_HAB,BAL,B5N,HU23	7300 	7400 	8500 	8000 	8100 	7800 	8500 	8800 	9200 	9300 	9700 	: 
PPS_HAB,BAL,B5N,HU31	6700 	6800 	7700 	7600 	7600 	7300 	8000 	7900 	8500 	8600 	9000 	: 
PPS_HAB,BAL,B5N,HU32	6500 	6600 	7600 	7300 	7500 	7200 	8000 	8400 	8900 	8900 	9300 	: 
PPS_HAB,BAL,B5N,HU33	7000 	7200 	8100 	7500 	7800 	7600 	8500 	8900 	9400 	9600 	10000 	: 
PPS_HAB,BAL,B5N,IE04	14100 	14800 	14500 	13700 	13700 	12600 	13400 	13100 	13300 	14400 	14600 	: 
PPS_HAB,BAL,B5N,IE05	16500 	17400 	16500 	15000 	15100 	14700 	15200 	15200 	15400 	16600 	16800 	: 
PPS_HAB,BAL,B5N,IE06	19600 	20800 	20100 	18200 	18200 	17700 	18400 	18100 	18400 	19500 	19700 	: 
PPS_HAB,BAL,B5N,ITC1	21900 	22600 	22700 	20700 	21200 	21200 	20700 	20300 	20300 	21200 	21500 	21900 
PPS_HAB,BAL,B5N,ITC2	21600 	22300 	22600 	21300 	21800 	21600 	21200 	20500 	20300 	20500 	20500 	20700 
PPS_HAB,BAL,B5N,ITC3	20700 	21900 	22100 	20600 	20500 	20600 	20200 	19700 	19700 	20600 	20800 	21100 
PPS_HAB,BAL,B5N,ITC4	24700 	25700 	26100 	24200 	24600 	24700 	24100 	23700 	23600 	24800 	25000 	25300 
PPS_HAB,BAL,B5N,ITF1	16000 	16800 	17100 	15900 	16000 	16400 	15900 	15500 	15200 	15800 	15800 	16000 
PPS_HAB,BAL,B5N,ITF2	14800 	15500 	15600 	14500 	14500 	14600 	14100 	13600 	13300 	13800 	14000 	14100 
PPS_HAB,BAL,B5N,ITF3	13100 	13700 	13700 	12800 	12900 	12700 	12300 	11900 	11800 	12400 	12500 	12700 
PPS_HAB,BAL,B5N,ITF4	12900 	13400 	13400 	12500 	12700 	12900 	12700 	12300 	12200 	12800 	13000 	13100 
PPS_HAB,BAL,B5N,ITF5	13200 	13800 	13800 	12800 	12700 	12700 	12300 	12000 	12000 	13000 	13100 	13000 
PPS_HAB,BAL,B5N,ITF6	12000 	12500 	12600 	12000 	11800 	11800 	11400 	11100 	10900 	11400 	11500 	11700 
PPS_HAB,BAL,B5N,ITG1	12700 	13100 	13300 	12700 	12700 	12500 	12200 	11800 	11600 	12100 	12200 	12300 
PPS_HAB,BAL,B5N,ITG2	13900 	14400 	14700 	13900 	14000 	13800 	13600 	13700 	13500 	13800 	13900 	14000 
PPS_HAB,BAL,B5N,ITH1	24500 	25600 	26200 	25000 	25600 	25700 	25600 	25200 	24900 	26100 	26800 	26800 
PPS_HAB,BAL,B5N,ITH2	22000 	23100 	23600 	22300 	22700 	22700 	22000 	21800 	21200 	21800 	21900 	22200 
PPS_HAB,BAL,B5N,ITH3	21100 	22000 	22200 	20700 	21100 	21300 	20700 	20300 	20300 	21300 	21700 	22000 
PPS_HAB,BAL,B5N,ITH4	21000 	22100 	22100 	20500 	21000 	21000 	20300 	20100 	19800 	20700 	21100 	21300 
PPS_HAB,BAL,B5N,ITH5	23800 	25000 	24900 	22900 	22900 	23100 	22600 	22400 	22400 	23300 	23600 	23900 
PPS_HAB,BAL,B5N,ITI1	20300 	21200 	21300 	19900 	20000 	19900 	19400 	19100 	19100 	19800 	20300 	20500 
PPS_HAB,BAL,B5N,ITI2	18600 	19300 	19500 	18100 	18400 	18500 	17800 	17400 	17100 	17700 	17800 	17900 
PPS_HAB,BAL,B5N,ITI3	18600 	19300 	19600 	18300 	18700 	18600 	18100 	17800 	17800 	18400 	18800 	18900 
PPS_HAB,BAL,B5N,ITI4	21100 	22100 	22200 	21000 	21400 	21100 	19900 	19200 	19000 	19800 	20100 	20300 
PPS_HAB,BAL,B5N,LT01	: 	: 	: 	: 	10900 	11800 	12700 	14000 	14800 	16600 	18000 	: 
PPS_HAB,BAL,B5N,LT02	: 	: 	: 	: 	8600 	9400 	10200 	10600 	11100 	12000 	12200 	: 
PPS_HAB,BAL,B5N,LU00	26700 	27300 	27600 	26600 	26700 	27200 	28000 	28100 	29200 	30300 	29400 	29900 
PPS_HAB,BAL,B5N,LV00	7200 	8700 	9100 	7300 	7300 	7400 	8100 	8800 	9300 	10200 	10500 	: 
PPS_HAB,BAL,B5N,NL11	: 	: 	: 	: 	: 	: 	: 	: 	: 	20000 	19700 p	: 
PPS_HAB,BAL,B5N,NL12	: 	: 	: 	: 	: 	: 	: 	: 	: 	20200 	19600 p	: 
PPS_HAB,BAL,B5N,NL13	: 	: 	: 	: 	: 	: 	: 	: 	: 	21000 	20500 p	: 
PPS_HAB,BAL,B5N,NL21	: 	: 	: 	: 	: 	: 	: 	: 	: 	21100 	20600 p	: 
PPS_HAB,BAL,B5N,NL22	: 	: 	: 	: 	: 	: 	: 	: 	: 	22300 	21800 p	: 
PPS_HAB,BAL,B5N,NL23	: 	: 	: 	: 	: 	: 	: 	: 	: 	22600 	22200 p	: 
PPS_HAB,BAL,B5N,NL31	: 	: 	: 	: 	: 	: 	: 	: 	: 	26000 	26100 p	: 
PPS_HAB,BAL,B5N,NL32	: 	: 	: 	: 	: 	: 	: 	: 	: 	25600 	25600 p	: 
PPS_HAB,BAL,B5N,NL33	: 	: 	: 	: 	: 	: 	: 	: 	: 	23900 	23500 p	: 
PPS_HAB,BAL,B5N,NL34	: 	: 	: 	: 	: 	: 	: 	: 	: 	22100 	21500 p	: 
PPS_HAB,BAL,B5N,NL41	: 	: 	: 	: 	: 	: 	: 	: 	: 	23300 	23000 p	: 
PPS_HAB,BAL,B5N,NL42	: 	: 	: 	: 	: 	: 	: 	: 	: 	21000 	20700 p	: 
PPS_HAB,BAL,B5N,NO01	: 	: 	: 	: 	: 	: 	: 	29900 	31000 	32000 	29900 	: 
PPS_HAB,BAL,B5N,NO02	: 	: 	: 	: 	: 	: 	: 	19900 	20400 	20600 	19600 	: 
PPS_HAB,BAL,B5N,NO03	: 	: 	: 	: 	: 	: 	: 	21600 	21900 	22300 	20900 	: 
PPS_HAB,BAL,B5N,NO04	: 	: 	: 	: 	: 	: 	: 	26700 	27500 	27000 	24200 	: 
PPS_HAB,BAL,B5N,NO05	: 	: 	: 	: 	: 	: 	: 	24200 	25000 	25000 	22900 	: 
PPS_HAB,BAL,B5N,NO06	: 	: 	: 	: 	: 	: 	: 	22700 	23000 	23200 	22100 	: 
PPS_HAB,BAL,B5N,NO07	: 	: 	: 	: 	: 	: 	: 	20400 	20600 	20900 	19900 	: 
PPS_HAB,BAL,B5N,PL21	: 	: 	: 	: 	: 	: 	: 	: 	11200 	11900 	12000 	: 
PPS_HAB,BAL,B5N,PL22	: 	: 	: 	: 	: 	: 	: 	: 	12700 	13300 	13200 	: 
PPS_HAB,BAL,B5N,PL41	: 	: 	: 	: 	: 	: 	: 	: 	12800 	13500 	13800 	: 
PPS_HAB,BAL,B5N,PL42	: 	: 	: 	: 	: 	: 	: 	: 	11200 	11800 	11900 	: 
PPS_HAB,BAL,B5N,PL43	: 	: 	: 	: 	: 	: 	: 	: 	10300 	10900 	11000 	: 
PPS_HAB,BAL,B5N,PL51	: 	: 	: 	: 	: 	: 	: 	: 	12600 	13400 	13500 	: 
PPS_HAB,BAL,B5N,PL52	: 	: 	: 	: 	: 	: 	: 	: 	10100 	10700 	10900 	: 
PPS_HAB,BAL,B5N,PL61	: 	: 	: 	: 	: 	: 	: 	: 	10300 	10800 	11000 	: 
PPS_HAB,BAL,B5N,PL62	: 	: 	: 	: 	: 	: 	: 	: 	9900 	10300 	10600 	: 
PPS_HAB,BAL,B5N,PL63	: 	: 	: 	: 	: 	: 	: 	: 	11900 	12400 	12600 	: 
PPS_HAB,BAL,B5N,PL71	: 	: 	: 	: 	: 	: 	: 	: 	11600 	12200 	12400 	: 
PPS_HAB,BAL,B5N,PL72	: 	: 	: 	: 	: 	: 	: 	: 	9600 	10100 	10300 	: 
PPS_HAB,BAL,B5N,PL81	: 	: 	: 	: 	: 	: 	: 	: 	9700 	10100 	10300 	: 
PPS_HAB,BAL,B5N,PL82	: 	: 	: 	: 	: 	: 	: 	: 	9000 	9400 	9600 	: 
PPS_HAB,BAL,B5N,PL84	: 	: 	: 	: 	: 	: 	: 	: 	9600 	10000 	10300 	: 
PPS_HAB,BAL,B5N,PL91	: 	: 	: 	: 	: 	: 	: 	: 	21500 	22600 	22900 	: 
PPS_HAB,BAL,B5N,PL92	: 	: 	: 	: 	: 	: 	: 	: 	11200 	11800 	11800 	: 
PPS_HAB,BAL,B5N,PT11	10400 	10700 	10700 	10300 	10600 	10100 	9900 	10400 	10600 	11300 	11300 	: 
PPS_HAB,BAL,B5N,PT15	14700 	14800 	14500 	13800 	13300 	12500 	12500 	12900 	13500 	14200 	14500 	: 
PPS_HAB,BAL,B5N,PT16	11200 	11300 	11200 	10900 	11100 	10600 	10400 	10900 	11100 	11700 	11600 	: 
PPS_HAB,BAL,B5N,PT17	17700 	18000 	18000 	17100 	17800 	16900 	16400 	17000 	16800 	17500 	17200 	: 
PPS_HAB,BAL,B5N,PT18	11700 	11700 	11700 	11400 	11400 	10900 	10600 	11000 	11300 	12000 	12000 	: 
PPS_HAB,BAL,B5N,PT20	12900 	12800 	13100 	12800 	12900 	12400 	12000 	12500 	12500 	13100 	13100 	: 
PPS_HAB,BAL,B5N,PT30	12600 	12500 	12900 	12100 	11700 	11200 	11100 	11400 	11400 	11900 	11800 	: 
PPS_HAB,BAL,B5N,RO11	4300 b	5100 b	5500 b	4900 b	5900 b	5900 b	6300 	6900 	7600 	7900 	9200 	: 
PPS_HAB,BAL,B5N,RO12	4500 b	5400 b	5900 b	5300 b	6300 b	6300 b	6800 	7400 	7800 	8200 	9600 	: 
PPS_HAB,BAL,B5N,RO21	3100 b	3500 b	3900 b	3500 b	4300 b	4200 b	4700 	5200 	5100 	5400 	6300 	: 
PPS_HAB,BAL,B5N,RO22	4000 b	4500 b	5200 b	4600 b	5600 b	5600 b	6000 	6700 	6800 	7000 	7800 	: 
PPS_HAB,BAL,B5N,RO31	3600 b	4100 b	4700 b	4300 b	5100 b	5200 b	5500 	6000 	5900 	6400 	7300 	: 
PPS_HAB,BAL,B5N,RO32	10200 b	12600 b	16000 b	13900 b	15800 b	15700 b	15500 	16500 	19200 	19200 	21900 	: 
PPS_HAB,BAL,B5N,RO41	3600 b	4200 b	4800 b	4300 b	5100 b	5100 b	5400 	5800 	5900 	6000 	6900 	: 
PPS_HAB,BAL,B5N,RO42	5400 b	6300 b	7000 b	6100 b	7500 b	7500 b	8300 	9000 	9300 	9800 	11200 	: 
PPS_HAB,BAL,B5N,SE11	21100 	23200 	23500 	22000 	23000 	23500 	24600 	24500 	25500 	26600 	26400 	: 
PPS_HAB,BAL,B5N,SE12	15800 	17400 	17700 	16500 	17200 	17900 	18700 	18400 	19200 	19900 	19500 	: 
PPS_HAB,BAL,B5N,SE21	15900 	17500 	17700 	16200 	17000 	17800 	18500 	18100 	19000 	19600 	19300 	: 
PPS_HAB,BAL,B5N,SE22	16300 	18000 	18200 	17100 	17700 	18300 	18900 	18700 	19500 	20200 	19800 	: 
PPS_HAB,BAL,B5N,SE23	17000 	18700 	19100 	17600 	18400 	19300 	20100 	19800 	20800 	21500 	21400 	: 
PPS_HAB,BAL,B5N,SE31	14800 	16400 	16800 	15600 	16300 	17000 	17800 	17400 	18100 	18600 	18200 	: 
PPS_HAB,BAL,B5N,SE32	15000 	16600 	16900 	15700 	16300 	17000 	17900 	17600 	18400 	18900 	18600 	: 
PPS_HAB,BAL,B5N,SE33	14700 	16400 	16900 	15800 	16600 	17500 	18400 	18200 	19200 	19600 	19200 	: 
PPS_HAB,BAL,B5N,SI03	11900 	12800 	13200 	12100 	12200 	12400 	12400 	12300 	12700 	13400 	13600 	14300 
PPS_HAB,BAL,B5N,SI04	14200 	15100 	16000 	14400 	14500 	14500 	14100 	13800 	14100 	14700 	14900 	15800 
PPS_HAB,BAL,B5N,SK01	16100 	17900 	19300 	19300 	19200 	20400 	21500 	21800 	23100 	24000 	24000 	: 
PPS_HAB,BAL,B5N,SK02	8600 	9700 	10700 	10100 	10800 	11100 	11300 	11600 	11900 	12700 	12800 	: 
PPS_HAB,BAL,B5N,SK03	7800 	9100 	9800 	9500 	10000 	10300 	10600 	11200 	11800 	12400 	12600 	: 
PPS_HAB,BAL,B5N,SK04	6900 	7500 	8300 	7900 	8400 	8500 	9000 	9300 	9600 	10300 	10300 	: 
PPS_HAB,BAL,B5N,UKC1	16000 	16200 	15600 	14600 	15200 	14800 	15000 	14800 	15300 	15900 	15400 	: 
PPS_HAB,BAL,B5N,UKC2	16500 	16800 	16300 	15400 	15900 	15600 	15900 	15700 	16200 	16900 	16500 	: 
PPS_HAB,BAL,B5N,UKD1	18000 	18600 	17900 	17000 	17700 	17300 	17600 	17700 	18100 	19200 	18900 	: 
PPS_HAB,BAL,B5N,UKD3	17500 	17900 	17200 	15900 	16300 	16100 	16200 	16100 	16600 	17500 	17200 	: 
PPS_HAB,BAL,B5N,UKD4	16700 	17400 	16700 	15600 	16100 	15700 	15600 	15200 	15700 	16600 	16400 	: 
PPS_HAB,BAL,B5N,UKD6	22100 	22500 	21700 	20100 	20300 	20000 	20400 	20400 	21100 	22300 	21700 	: 
PPS_HAB,BAL,B5N,UKD7	15800 	16300 	15800 	15000 	15400 	15100 	15300 	15300 	15600 	16500 	16200 	: 
PPS_HAB,BAL,B5N,UKE1	16800 	17300 	16600 	15300 	15600 	15600 	15500 	15400 	15700 	16400 	16400 	: 
PPS_HAB,BAL,B5N,UKE2	21100 	21500 	20900 	19800 	19800 	19600 	20100 	19700 	19800 	21100 	20900 	: 
PPS_HAB,BAL,B5N,UKE3	16300 	16700 	16000 	14800 	15100 	14900 	15000 	15000 	15600 	16000 	16000 	: 
PPS_HAB,BAL,B5N,UKE4	17400 	18000 	17200 	15800 	16000 	15900 	15900 	15800 	16300 	17100 	17000 	: 
PPS_HAB,BAL,B5N,UKF1	17700 	18400 	17800 	16400 	16500 	16400 	16500 	16600 	17000 	18100 	17900 	: 
PPS_HAB,BAL,B5N,UKF2	19800 	20700 	19600 	18000 	18300 	18400 	18500 	18300 	18800 	19800 	19600 	: 
PPS_HAB,BAL,B5N,UKF3	17800 	18500 	18000 	16500 	17000 	17000 	16800 	16600 	17200 	17500 	16900 	: 
PPS_HAB,BAL,B5N,UKG1	21500 	21600 	20900 	19300 	19500 	19400 	19700 	19800 	20400 	21800 	21800 	: 
PPS_HAB,BAL,B5N,UKG2	18400 	18800 	18400 	16900 	17200 	16900 	17000 	17000 	17500 	18600 	18500 	: 
PPS_HAB,BAL,B5N,UKG3	15600 	15900 	15200 	14000 	14500 	14400 	14500 	14400 	15000 	15600 	15500 	: 
PPS_HAB,BAL,B5N,UKH1	19200 	19800 	19500 	18200 	18500 	18300 	18700 	18600 	19100 	20300 	20300 	: 
PPS_HAB,BAL,B5N,UKH2	24500 	25300 	24700 	23400 	23400 	23000 	23600 	24000 	24700 	26300 	26100 	: 
PPS_HAB,BAL,B5N,UKH3	21700 	22200 	21800 	20500 	20600 	20400 	20600 	20600 	20900 	22400 	22400 	: 
PPS_HAB,BAL,B5N,UKI3	51700 	57000 	57000 	52900 	52400 	49900 	52700 	56400 	58900 	62800 	61800 	: 
PPS_HAB,BAL,B5N,UKI4	25100 	26600 	25600 	23600 	24700 	24400 	25100 	25400 	26400 	28500 	28100 	: 
PPS_HAB,BAL,B5N,UKI5	21700 	22600 	22200 	20100 	20600 	20300 	20900 	20800 	21500 	23200 	23400 	: 
PPS_HAB,BAL,B5N,UKI6	27400 	28600 	27500 	24800 	25600 	25600 	26400 	26700 	27300 	29400 	29500 	: 
PPS_HAB,BAL,B5N,UKI7	27100 	28000 	27400 	24900 	25500 	25200 	26600 	27100 	28200 	30800 	30900 	: 
PPS_HAB,BAL,B5N,UKJ1	26900 	27800 	26900 	24900 	25000 	24900 	25300 	25500 	26200 	28100 	28000 	: 
PPS_HAB,BAL,B5N,UKJ2	25800 	26600 	25700 	23600 	24200 	24100 	24700 	25000 	25400 	27100 	26500 	: 
PPS_HAB,BAL,B5N,UKJ3	21400 	22300 	21700 	20300 	20500 	20300 	20600 	20700 	21200 	22400 	22000 	: 
PPS_HAB,BAL,B5N,UKJ4	21100 	22000 	21200 	19800 	20000 	19900 	20200 	20300 	20700 	22100 	21300 	: 
PPS_HAB,BAL,B5N,UKK1	21600 	22100 	21400 	19700 	20100 	20000 	20100 	20200 	20900 	22200 	21700 	: 
PPS_HAB,BAL,B5N,UKK2	19800 	20200 	19700 	17800 	18500 	18400 	18300 	18300 	18800 	19800 	19200 	: 
PPS_HAB,BAL,B5N,UKK3	16500 	16900 	16300 	15200 	15600 	15500 	15500 	15200 	15600 	16200 	16100 	: 
PPS_HAB,BAL,B5N,UKK4	17600 	18000 	17800 	16600 	16800 	16500 	16500 	16300 	16800 	17700 	17200 	: 
PPS_HAB,BAL,B5N,UKL1	15100 	15500 	15300 	13800 	14200 	14100 	14300 	14200 	14600 	15200 	15000 	: 
PPS_HAB,BAL,B5N,UKL2	18000 	18400 	18100 	16400 	16900 	16800 	16700 	16400 	16800 	17600 	17500 	: 
PPS_HAB,BAL,B5N,UKM5	23800 	24900 	25100 	23500 	24300 	24900 	25800 	26500 	27300 	27800 	26300 	: 
PPS_HAB,BAL,B5N,UKM6	17000 	17900 	18400 	17200 	17600 	17000 	17500 	17700 	18000 	18800 	18600 	: 
PPS_HAB,BAL,B5N,UKM7	20200 	21100 	20600 	18800 	19100 	19200 	19300 	19400 	19800 	20700 	20600 	: 
PPS_HAB,BAL,B5N,UKM8	17800 	18700 	18300 	16900 	17100 	16800 	16900 	17000 	17500 	18400 	18400 	: 
PPS_HAB,BAL,B5N,UKM9	17700 	18600 	18000 	16600 	17000 	17000 	17100 	17100 	17600 	17900 	17900 	: 
PPS_HAB,BAL,B5N,UKN0	16500 	16800 	16200 	14900 	15200 	15300 	15300 	15200 	15600 	16400 	16200 	: 
